{
  "loss": [
    0.006782452575862408,
    0.0057429661974310875,
    0.005296547897160053,
    0.004660461097955704,
    0.004123622085899115,
    0.004129910375922918,
    0.003995825070887804,
    0.0036670577246695757,
    0.0035216689575463533,
    0.0036269742995500565,
    0.0032551202457398176,
    0.0034836854320019484,
    0.0033432114869356155,
    0.0031437610741704702,
    0.0030689213890582323,
    0.00316179939545691,
    0.0030777063220739365,
    0.0028486663941293955,
    0.002763704163953662,
    0.0029191209468990564,
    0.002923445776104927,
    0.0027380662504583597,
    0.0027576121501624584,
    0.0027514188550412655,
    0.0027943430468440056,
    0.0025630269665271044,
    0.0026030847802758217,
    0.002741784555837512,
    0.002623518230393529,
    0.0024363896809518337,
    0.0025112631265074015,
    0.002435188041999936,
    0.002645289758220315,
    0.002454118337482214,
    0.002531367354094982,
    0.0024566210340708494,
    0.002277290215715766,
    0.0022837405558675528,
    0.0022105413954705,
    0.002141185337677598,
    0.0022520425263792276,
    0.0021765870042145252,
    0.0021739285439252853,
    0.002143176505342126,
    0.002183114644140005,
    0.0021624721121042967,
    0.002057736273854971,
    0.002061073435470462,
    0.0020536903757601976,
    0.0020949505269527435,
    0.002034191507846117,
    0.002072887495160103,
    0.002008164767175913,
    0.0020481364335864782,
    0.0019633390475064516,
    0.0019749202765524387,
    0.0019912777934223413,
    0.0019749014172703028,
    0.0019270291086286306,
    0.001901897368952632,
    0.001957094995304942,
    0.001927751349285245,
    0.0019203536212444305,
    0.0019348772475495934
  ],
  "mae": [
    0.10728057473897934,
    0.09550406783819199,
    0.09046794474124908,
    0.08306534588336945,
    0.07718618214130402,
    0.07712386548519135,
    0.07569508999586105,
    0.07182081043720245,
    0.06975671648979187,
    0.07131552696228027,
    0.0663566067814827,
    0.0690702572464943,
    0.06790132075548172,
    0.06513502448797226,
    0.06375938653945923,
    0.06490656733512878,
    0.06394723057746887,
    0.06098100543022156,
    0.059954624623060226,
    0.06187426671385765,
    0.061781372874975204,
    0.05993852764368057,
    0.05967934802174568,
    0.05955006927251816,
    0.06043576821684837,
    0.0575508214533329,
    0.05733998492360115,
    0.059960152953863144,
    0.058208175003528595,
    0.05549706891179085,
    0.056699205189943314,
    0.05548214912414551,
    0.058663543313741684,
    0.05616043135523796,
    0.056805096566677094,
    0.05612535402178764,
    0.053246013820171356,
    0.053532201796770096,
    0.052100423723459244,
    0.051339734345674515,
    0.05293119698762894,
    0.05198663845658302,
    0.0520254485309124,
    0.051443785429000854,
    0.05201870948076248,
    0.05170625448226929,
    0.05009250342845917,
    0.050257641822099686,
    0.050374194979667664,
    0.050747405737638474,
    0.04994429275393486,
    0.050468720495700836,
    0.04958675056695938,
    0.05002552270889282,
    0.048715971410274506,
    0.04908246174454689,
    0.0487261563539505,
    0.049017585813999176,
    0.04847497493028641,
    0.04759666696190834,
    0.04847335442900658,
    0.048558976501226425,
    0.04821958765387535,
    0.048213277012109756
  ],
  "val_loss": [
    0.00483618164435029,
    0.0046743182465434074,
    0.004853794351220131,
    0.0039155976846814156,
    0.00369457108899951,
    0.004294938407838345,
    0.0034428585786372423,
    0.003244107123464346,
    0.0037089050747454166,
    0.003135709324851632,
    0.0030813422054052353,
    0.003515424206852913,
    0.003087621182203293,
    0.0029523940756917,
    0.003579299198463559,
    0.0034835177939385176,
    0.0028159795328974724,
    0.002893794560804963,
    0.0030431891791522503,
    0.003213545074686408,
    0.003402331843972206,
    0.0027465384919196367,
    0.0030371895991265774,
    0.002834463259205222,
    0.003077729372307658,
    0.0026741763576865196,
    0.0027355551719665527,
    0.0027720367070287466,
    0.0030709581915289164,
    0.0030169724486768246,
    0.002966108499094844,
    0.002882532309740782,
    0.00294667761772871,
    0.0026487514842301607,
    0.002974174451082945,
    0.003145962953567505,
    0.0029454852920025587,
    0.0029433222953230143,
    0.0030433665961027145,
    0.0028944204095751047,
    0.0029904013499617577,
    0.0028684111312031746,
    0.003088167170062661,
    0.0030521927401423454,
    0.003110003424808383,
    0.0030333269387483597,
    0.0030286023393273354,
    0.002989258849993348,
    0.002929053967818618,
    0.002920805476605892,
    0.003020576201379299,
    0.003057725727558136,
    0.0030064787715673447,
    0.0028583703096956015,
    0.003007338847965002,
    0.0030197338201105595,
    0.002936028875410557,
    0.0029527058359235525,
    0.003032001666724682,
    0.0030651125125586987,
    0.002964142244309187,
    0.002930599497631192,
    0.0030575746204704046,
    0.0029947818256914616
  ],
  "val_mae": [
    0.08580919355154037,
    0.08343978971242905,
    0.08646027743816376,
    0.07214925438165665,
    0.07100732624530792,
    0.08001828193664551,
    0.06779702007770538,
    0.06524019688367844,
    0.07139959931373596,
    0.06307113170623779,
    0.06237386539578438,
    0.06870760768651962,
    0.06201253831386566,
    0.06101658567786217,
    0.06890377402305603,
    0.06828370690345764,
    0.058804746717214584,
    0.05944222956895828,
    0.06199471652507782,
    0.06456934660673141,
    0.06713233143091202,
    0.05791514366865158,
    0.06120484694838524,
    0.05950899422168732,
    0.06150154769420624,
    0.05670810118317604,
    0.05773571878671646,
    0.05748847872018814,
    0.06112034246325493,
    0.06112099066376686,
    0.05995863676071167,
    0.05985201522707939,
    0.05967412889003754,
    0.05585315823554993,
    0.06004488468170166,
    0.06268303096294403,
    0.06002451106905937,
    0.060106996446847916,
    0.0614345408976078,
    0.059898488223552704,
    0.06083394214510918,
    0.0594877228140831,
    0.06191110610961914,
    0.061642296612262726,
    0.06236511096358299,
    0.06167548522353172,
    0.06150641664862633,
    0.061312202364206314,
    0.06058249995112419,
    0.06033923104405403,
    0.06146438792347908,
    0.062152259051799774,
    0.06142418831586838,
    0.05974564328789711,
    0.061267461627721786,
    0.061378125101327896,
    0.06074269488453865,
    0.06067841872572899,
    0.06188012287020683,
    0.06240410357713699,
    0.06088540703058243,
    0.06063180789351463,
    0.06208662688732147,
    0.0613727830350399
  ],